Image,Background Light
image_001.png,0.8210992838541666
image_012.png,0.8925654179216868
