image_name,color_bias,color_balance,white_R,white_G,white_B,mean_brightness_normalized,kurtosis_normalized,dark_ratio_normalized,lap_var,entropy_value,reblur_value
reference_image.png,0.353418231010437,0.37028352129817443,0.6012447058823529,0.7501117647058824,0.28219803921568626,0.48668347261663286,0.4517115354537964,0.13468241691589355,0.3041280255111679,0.9472298622131348,0.019415983772819473
